{
    "BlockRoot": {
        "Name": "mainStack",
        "BlockType": "stack",
        "Margin": "{MarginRoot}",
        "Orientation": "Vertical",
        "Items": [
            //header block
            {
                "BlockType": "component",
                "Component": "HeaderBlockSessionComponent"
            },

            //separator
            {
                "Name": "separator",
                "BlockType": "image",
                "MarginTop": 16,
                "MarginLeft": 4,
                "MarginRight": 4,
                "MarginBottom": 24,
                "Width": "2250",
                "Source": "separator.png"
            },

            //table
            {
                "Name": "mainTable",
                "BlockType": "table",
                "Margin": "{MarginTable}",
                "TableOptions": {
                    "ItemsSource": "{Session.Drivers}",
                    "RowSpacing": 10,
                    "ColSpacing": 0,
                    "HeaderTemplate": {
                        "BlockType": "text",
                        "MarginBottom": 8,
                        "Style": "TableColumnHeaderStyle"
                    },
                    "Columns": [
                        // //position
                        {
                            "Header": "Pos",
                            "Template": {
                                "BlockType": "component",
                                "Component": "PositionCellComponent",
                                "ComponentOptions": {
                                    "Vars": {
                                        "position": "{Item.PositionString}"
                                    }
                                }
                            }
                        },

                        //driver line
                        {
                            "Header": "",
                            "WidthStretch": true,
                            "Template": {
                                "BlockType": "component",
                                "Component": "DriverLineCellComponent"
                            }
                        },

                        //position_jump
                        {
                            "Header": "+/-",
                            "Template": {
                                "BlockType": "component",
                                "Component": "PositionJumpCellComponent"
                            }
                        },

                        //interval
                        {
                            "Header": "[Intervall]",
                            "Template": {
                                "Padding": "12, 0",

                                "Background": "{BackgroundDefault}",
                                "BlockType": "text",
                                "Source": "{Item.IntervalRace}",
                                "HorizontalAlignment": "Left",
                                "TextOptions": {
                                    "FontName": "{FontNameDrivers}",
                                    "FontSize": 40,
                                    "HorizontalAlignment": "Center"
                                }
                            }
                        },

                        

                        //fastest lap
                        {
                            "Header": "[Fastest Lap]",
                            "Template": {
                                "BlockType": "dock",
                                "Padding": "12, 0",
                                "Background": "{BackgroundDefault}",
                                
                                "Items": [
                                    {
                                        "BlockType": "stack",
                                        "HorizontalAlignment": "Center",
                                        "VerticalAlignment": "Center",
                                        "Spacing": 8,
                                        "Items": [
                                            {
                                                "BlockType": "text",
                                                "Source": "{Item.FastestLapTime}",
                                                "HorizontalAlignment": "Center",
                                                "VerticalAlignment": "Center",
                                                "TextOptions": {
                                                    "FontName": "{FontNameWide}",
                                                    "FontSize": 40,
                                                    "HorizontalAlignment": "Center"
                                                },
                                                "Triggers": [
                                                    {
                                                        "Condition": "{Item.IsRaceFastestLap}",
                                                        "Setters": [
                                                            {
                                                                "Property": "Foreground",
                                                                "Value": "{FastestLapRaceSelectedForeground}"
                                                            }
                                                        ]
                                                    }
                                                ]
                                            },
                                            {
                                                "BlockType": "image",
                                                "Source": "tyres_{Item.FastestLapTyres}.png",
                                                "HorizontalAlignment": "Center",
                                                "VerticalAlignment": "Center",
                                                "Height": 28
                                            }
                                        ]
                                    }
                                ]
                            }
                        },

                        //stints
                        {
                            "Header": "[Stints]",
                            "Template": {
                                "BlockType": "itemstack",
                                "Spacing": 4,
                                "Padding": "12, 0",
                                "Background": "{BackgroundDefault}",
                              "ItemStackOptions": {
                                "ItemSource": "{Item.Stints}",
                                "ItemTemplate": {
                                  "BlockType": "stack",
                                  "VerticalAlignment": "Center",
                                  "MarginRight": 4,
                                  "Spacing": 3,
                                  "Items": [
                                    {
                                      "BlockType": "image",
                                      "Height": 36,
                                      "VerticalAlignment": "Center",
                                      "Source": "tyres/tyres_{Item.Tyres}.png"
                                    },
                                    {
                                      "BlockType": "text",
                                      "Source": "{Item.Laps}",
                                      "HorizontalAlignment": "Center",
                                      "VerticalAlignment": "Center",
                                      "TextOptions": {
                                        "FontName": "{FontNameWide}",
                                        "FontSize": 40,
                                        "HorizontalAlignment": "Center"
                                      }
                                    }
                                  ]
                                }
                              }
                            }
                        },

                        //points
                        {
                            "Header": "[Pts]",
                            "Template": {
                                "BlockType": "dock",
                                "Padding": "24, 0",
                                "Background": "#001730",
                                "HorizontalAlignment": "Center",
                                "Items": [
                                    {
                                        "BlockType": "text",
                                        "Source": "{Item.DriverPointsString}",
                                        "HorizontalAlignment": "Center",
                                        "VerticalAlignment": "Center",
                                        "TextOptions": {
                                            "FontName": "{FontNameWide}",
                                            "FontSize": 40,
                                            "Foreground": "#FE6600",
                                            "HorizontalAlignment": "Center"
                                        }
                                    }
                                ]
                            }
                        }
                    ]
                }
           
            }
        ]
    }
}
