{
    "ComponentName": "HeaderBlockComponent",
    "BlockType": "dock",
    "Orientation": "Horizontal",
    "Items": [
        //headerLeft
        {
            "Name": "headerLeftPart",
            "BlockType": "stack",
            "Orientation": "Vertical",
            "Spacing": 12,
            "HorizontalAlignment": "Left",
            "Items": [
                //league name
                {
                    "BlockType": "stack",
                    "VerticalAlignment": "Top",
                    "Orientation": "Vertical",
                    "Items": [
                        {
                            "BlockType": "text",
                            "Name": "txtLeagueName",
                            "Source": "Playing Ducks Energy Leagues",
                            "FontName": "{FontNameBlack}",
                            "FontSize": 40,
                            "Foreground": "#FFFFFF",
                            "MarginBottom": 5
                        },
                        {
                            "BlockType": "text",
                            "Source": "{Season.Name}",
                            "VerticalAlignment": "Center",
                            "FontName": "{FontNameBlack}",
                            "FontSize": 64,
                            "Foreground": "#FE6600"
                        }
                    ]
                },

                //main header
                {
                    "Name": "headerMainContent",
                    "BlockType": "stack",
                    "HorizontalAlignment": "Left",
                    "Spacing": 0,
                    "Items": [
                        // {
                        //     "BlockType": "image",
                        //     "Height": 36,
                        //     "Source": ""
                        // },

                        {
                            "BlockType": "text",
                            "VerticalAlignment": "Center",
                            "HorizontalAlignment": "Center",
                            "Source": "Standings",
                            "FontName": "{FontNameDrivers}",
                            "FontSize": 55,
                            "Foreground": "#FFFFFF"
                        }
                    ]
                }
            ]
        },

        //headerRight
        {
            "Name": "headerRightPart",
            "BlockType": "stack",
            "Orientation": "Vertical",
            "MarginLeft": 48,
            "HorizontalAlignment": "Right",
            "VerticalAlignment": "Center",
            "Items": [
                {
                    "BlockType": "stack",
                    "Items": [
                        {
                            "Name": "leagueLogo",
                            "BlockType": "image",
                            "Height": 115,
                            "MarginLeft": 36,
                            "Source": "{Season.LeagueInfo.LeagueLogo}"
                        }
                    ]
                }
            ]
        }
    ]
}
