{
    "ComponentName": "PositionJumpCellComponent",
    "BlockType": "dock",
    "Background": "{BackgroundDefault}",
    "Items": [
        {
            "BlockType": "stack",
            "PaddingLeft": 4,
            "PaddingRight": 4,
            "HorizontalAlignment": "Center",
            "VerticalAlignment": "Center",
            "Spacing": 4,
            "Items": [
                {
                    "BlockType": "image",
                    "RenderIf": "{Item.PositionJump, Converter=NumberGreater, Parameter=0}",
                    "Source": "arrows/arrow_up.png",
                    "HorizontalAlignment": "Center",
                    "VerticalAlignment": "Center",
                    "Height": 20
                },
                {
                    "BlockType": "image",
                    "RenderIf": "{Item.PositionJump, Converter=NumberLess, Parameter=0}",
                    "Source": "arrows/arrow_down.png",
                    "HorizontalAlignment": "Center",
                    "VerticalAlignment": "Center",
                    "Height": 20
                },
                {
                    "BlockType": "text",
                    "RenderIf": "{Item.PositionJump, Converter=NumberNotEquals, Parameter=0}",
                    "Source": "{Item.PositionJump, Converter=NumberAbs}",
                    "HorizontalAlignment": "Center",
                    "VerticalAlignment": "Center",
                    "FontName": "{FontNameWide}",
                    "FontSize": 25,
                    "TextOptions": {
                        "HorizontalAlignment": "Center"
                    },
                    "Triggers": [
                        {
                            "Condition": "{Item.PositionJump, Converter=NumberGreater, Parameter=0}",
                            "Setters": [
                                {
                                    "Property": "Foreground",
                                    "Value": "#008000"
                                }
                            ]
                        },
                        {
                            "Condition": "{Item.PositionJump, Converter=NumberLess, Parameter=0}",
                            "Setters": [
                                {
                                    "Property": "Foreground",
                                    "Value": "#FF0000"
                                }
                            ]
                        }
                    ]
                }
            ]
        }
    ]
}
