{
    "BlockRoot": {
        "Name": "mainStack",
        "BlockType": "stack",
        "HorizontalAlignment": "Center",
        "Width": 850,
        "Height": 1850,
        "Margin": "50, 50, 50, -160",

        "Orientation": "Vertical",
        "Items": [
            {
                "Name": "leagueLogo",
                "MarginLeft": 0,
                "MarginRight": 0,
                "PaddingRight": 25,
                "Height": 110,
                "BlockType": "image",
                "HorizontalAlignment": "Right",
                "VerticalAlignment": "Center",
                "Source": "{Season.LeagueInfo.LeagueLogo}"
            },
            //header block
            {
                "BlockType": "dock",
                "VerticalAlignment": "Center",
                "Margin": "0, -65, 0, 0",
                "Padding": "0, 0, 0, 0",
                "Items": [
                    //league name
                    {
                        "BlockType": "stack",
                        "VerticalAlignment": "Top",
                        "Orientation": "Horizontal",
                        "HorizontalAlignment": "Left",
                        "Spacing": 5,
                        "Items": [
                            
                            {
                                "BlockType": "text",
                                "Source": "Line Up",
                                "VerticalAlignment": "Top",
                                "HorizontalAlignment": "Left",
                                "FontName": "{FontNameBlack}",
                                "FontSize": 80,
                                "Foreground": "#FFFFFF"
                            }
                        ]
                    },
                ]
            },

            //separator
            {
                "Name": "separator",
                "BlockType": "image",
                "MarginTop": 0,
                "MarginLeft": 24,
                "MarginRight": 24,
                "MarginBottom": 8,
                "Width": "*",
                "Source": "separator.png"
            },

            //lines
            {
                "BlockType": "itemstack",
                "Orientation": "Vertical",
                "HorizontalAlignment": "Center",
                "Width": "*",
                "Margin": "0, 0, 0, 0",
                "ItemStackOptions": {
                    "ItemSource": "{Lineups.Lineups}",
                    "ItemTemplate": {
                        "BlockType": "stack",
                        "Margin": "0,0,0,2",
                        "Width": "*",
                        "Height": 67,
                        "Orientation": "Horizontal",
                        "VerticalAlignment": "Center",
                        "HorizontalAlignment": "Center",
                        "Background": "{#001730}",
                        "ColorizeBackground": {
                        "Enabled": true,
                        "Color": "#001730",
                        "BlendPercentage": 50
                        },
                        "Triggers": [
                            {
                                "Condition": "{Item.IsNextTeam}",
                                "Setters": [
                                    {
                                        "Property": "MarginTop",
                                        "Value": 10
                                    }
                                ]
                            }
                        ],
                        "Items": [
                            //team
                            {
                                "BlockType": "stack",
                                "Width": 500,
                                "Margin": "36, 0, 0, 12",
                                "HorizontalAlignment": "Center",
                                "VerticalAlignment": "Center",
                                "Orientation": "Horizontal",
                                "Spacing": 8,
                                "RenderIf": "{Season.LineupsBasedType, Converter=StringEquals, Parameter=Teams}",
                                "Items": [
                                    
                                ]
                            },

                            //driver stack
                            {
                                "BlockType": "stack",
                                "Orientation": "Horizontal",
                                "VerticalAlignment": "Center",
                                "Items": [
                                    //driver 1
                                    {
                                        "BlockType": "dock",
                                        "PaddingLeft": 0,
                                        "PaddingRight": 0,
                                        "Width": "*",
                                        "Items": [
                                            {
                                                "BlockType": "stack",
                                                "HorizontalAlignment": "Center",
                                                "VerticalAlignment": "Center",
                                                "Items": [
                                                    //logo
                                    {
                                        "BlockType": "image",
                                        "Height": 60,
                                        "MarginRight": 15,
                                        "VerticalAlignment": "Center",
                                        "ImageOptions": {
                                            "Path": "{Item.Team.LogotypePath}",
                                            "VerticalAlignment": "Center"
                                        }
                                    },

                                                    
                                                    //name
                                                    {
                                                        "BlockType": "text",
                                                        "MaxWidth": "*",
                                                        "MarginRight": 15,
                                                        "Source": "{Item.Driver.Name}",
                                                        "HorizontalAlignment": "Left",
                                                        "VerticalAlignment": "Center",
                                                        "Foreground": "#FFFFFF",
                                                        "FontName": "{FontNameDrivers}",
                                                        "FontSize": 40
                                                    },

                                                    //name
                                    

                                                    
                                                ]
                                            }
                                        ]
                                    }
                                ]
                            }
                        ]
                    }
                }
            }
        ]
    }
}
