{
    "BlockRoot": {
        "Name": "mainStack",
        "BlockType": "stack",
        "Margin": "10, 10, 10, 10",

        "Orientation": "Vertical",
        "Items": [
            //header block
            {
                "BlockType": "dock",
                "VerticalAlignment": "Center",
                "Margin": "20, 0, 0, 5",
                "Padding": "0, 0, 0, 0",
                "Items": [
                    //league name
                    {
                        "BlockType": "stack",
                        "Orientation": "Vertical",
                        "VerticalAlignment": "Center",
                        "HorizontalAlignment": "Left",
                        
                        "Items": [
                            {
                                "BlockType": "text",
                                "Source": "{Season.LeagueInfo.LeagueName}",
                                "FontStyle": "{MainColor}",
                                "FontName": "{FontNameBlack}",
                                "FontSize": 30
                            },
                            {
                                "BlockType": "text",
                                "Source": "{Season.Name}",
                                "VerticalAlignment": "Top",
                                "FontName": "{FontNameBlack}",
                                "FontSize": 40,
                                "Foreground": "#FE6600"
                            }
                        ]
                    },

                    {
                        "Name": "leagueLogo",
                        "MarginLeft": 0,
                        "MarginRight": 0,
                        "Height": 100,
                        "BlockType": "image",
                        "HorizontalAlignment": "Right",
                        "VerticalAlignment": "Bottom",
                        "Source": "{Season.LeagueInfo.LeagueLogo}"
                    }
                ]
            },

            //table
            {
                "Name": "mainTable",
                "BlockType": "table",
                "Margin": "{MarginTable}",
                "MarginRight": 0,
                "TableOptions": {
                    "ItemsSource": "{Events.Events}",
                    "RowSpacing": 3,
                    "ColSpacing": 0,
                    "HeaderTemplate": {
                        "BlockType": "text",
                        "MarginBottom": 0,
                        "Style": "TableColumnHeaderStyle"
                    },
                    "Columns": [
                        //number
                        {
                            "Template": {
                                "BlockType": "text",
                                "PaddingLeft": 5,
                                "Source": "{Item.Position}",
                                "HorizontalAlignment": "Center",
                                "VerticalAlignment": "Center",
                                "FontName": "{FontNameBlack}",
                                "Foreground": "#FE6600",
                                "FontSize": 30,
                                "Background": "#001730",
                                "TextOptions": {
                                    "HorizontalAlignment": "Center"
                                }
                            }
                        },

                        {
                            "Template": {
                                "BlockType": "stack",
                                "PaddingLeft": 32,
                                "PaddingRight": 4,
                                "HorizontalAlignment": "Left",
                                "VerticalAlignment": "Center",
                                "Background": "{BackgroundDefault}",
                                "Items": [
                                    //flag
                                    {
                                        "BlockType": "image",
                                        "Height": 56,
                                        //"Padding" : "0, 8",
                                        "PaddingTop": 8,
                                        "PaddingBottom": 8,
                                        "MarginRight": 20,
                                        "VerticalAlignment": "Center",
                                        "ImageOptions": {
                                            "Path": "{Item.Track.Nation.LogotypePath}",
                                            "VerticalAlignment": "Center"
                                        }
                                    },

                                    //country
                                    {
                                        "BlockType": "text",
                                        "Source": "{Item.Track.Nation.Code}",
                                        "HorizontalAlignment": "Left",
                                        "VerticalAlignment": "Center",
                                        "FontName": "{FontNameTeams}",
                                        "Foreground": "#FFFFFF",
                                        "FontSize": 20,
                                        "Triggers": [
                                            {
                                                "Condition": "{Item.CompletedStatus, Converter=StringEquals, Parameter=Completed}",
                                                "Property": "Foreground",
                                                "Value": "#FFFFFF"
                                            }
                                        ]
                                    }
                                ]
                            }
                        },

                        //location
                        {
                            "WidthStretch": true,
                            "Template": {
                                "BlockType": "text",
                                "PaddingLeft": 24,
                                "PaddingRight": 56,
                                "Source": "{Item.Track.CircuitName}",
                                "HorizontalAlignment": "Left",
                                "VerticalAlignment": "Center",
                                "FontName": "{FontNameDrivers}",
                                "Foreground": "#FFFFFF",
                                "FontSize": 32,
                                "Background": "{BackgroundDefault}",
                                "Triggers": [
                                    {
                                        "Condition": "{Item.CompletedStatus, Converter=StringEquals, Parameter=Completed}",
                                        "Property": "Foreground",
                                        "Value": "#FFFFFF"
                                    }
                                ]
                            }
                        },

                        //date
                        {
                            "Template": {
                                "BlockType": "text",
                                "PaddingLeft": 48,
                                "PaddingRight": 48,
                                "Background": "#FE6600",
                                "Source": "{Item.Date, Converter=DateToDayOfMonth} {Item.Date, Converter=DateToMonthInWords}",
                                "FontSize": 27,
                                "Foreground": "#001730",
                                "FontName": "{FontNameBlack}",
                                "TextOptions": {
                                    "HorizontalAlignment": "Center"
                                },
                                "Triggers": [
                                    {
                                        "Condition": "{Item.CompletedStatus, Converter=StringEquals, Parameter=Completed}",
                                        "Property": "Foreground",
                                        "Value": "#001730"
                                    }
                                ]
                            }
                        },

                        //description
                        {
                            "Template": {
                                "BlockType": "text",
                                "RenderIf": "{ShowEventDescriptionInCalendar}",
                                "MaxWidth": 480,
                                "PaddingLeft": 48,
                                "PaddingRight": 48,
                                "Source": "{Item.Description}",
                                "HorizontalAlignment": "Left",
                                "VerticalAlignment": "Center",
                                "FontName": "{FontNameDefault}",
                                "Foreground": "#95C2C2C2",
                                "FontSize": 20,
                                "Background": "{BackgroundDefault}",
                                "Triggers": [
                                    {
                                        "Condition": "{Item.CompletedStatus, Converter=StringEquals, Parameter=Completed}",
                                        "Property": "Foreground",
                                        "Value": "#757575"
                                    }
                                ]
                            }
                        
                        }
                    ]
                }
            }
        ]
    }
}
